Tyreek Hill,MIA,"$31,323,750",31323750
Jalen Ramsey,MIA,"$27,267,000",27267000
Bradley Chubb,MIA,"$26,851,488",26851488
Xavien Howard,MIA,"$25,906,284",25906284
Tua Tagovailoa,MIA,"$23,171,000",23171000
Terron Armstead,MIA,"$20,196,985",20196985
Emmanuel Ogbah,MIA,"$17,708,824",17708824
Jerome Baker,MIA,"$14,794,111",14794111
Zach Sieler,MIA,"$10,670,000",10670000
Jaylen Waddle,MIA,"$8,618,295",8618295
David Long Jr.,MIA,"$6,710,000",6710000
Mike White,MIA,"$5,210,000",5210000
Durham Smythe,MIA,"$4,916,960",4916960
Austin Jackson,MIA,"$4,577,113",4577113
Jason Sanders,MIA,"$4,506,500",4506500
Jaelan Phillips,MIA,"$4,460,338",4460338
Alec Ingold,MIA,"$4,290,000",4290000
Jeff Wilson,MIA,"$3,677,500",3677500
Raheem Mostert,MIA,"$3,360,882",3360882
Duke Riley,MIA,"$3,085,000",3085000
Keion Crossen,MIA,"$2,990,000",2990000
Jevon Holland,MIA,"$2,773,401",2773401
Liam Eichenberg,MIA,"$2,550,063",2550063
Cedrick Wilson Jr.,MIA,"$2,500,000",2500000
Cam Smith,MIA,"$1,597,371",1597371
Channing Tindall,MIA,"$1,375,883",1375883
Blake Ferguson,MIA,"$1,262,500",1262500
Devon Achane,MIA,"$1,235,784",1235784
Erik Ezukanma,MIA,"$1,166,248",1166248
Lester Cotton,MIA,"$1,125,000",1125000
Skylar Thompson,MIA,"$1,005,552",1005552
Kader Kohou,MIA,"$995,000",995000
Tanner Conner,MIA,"$985,000",985000
Quinton Bell,MIA,"$985,000",985000
Anthony Schwartz,MIA,"$985,000",985000
Kion Smith,MIA,"$985,000",985000
Julian Hill,MIA,"$919,166",919166
Christopher Brooks,MIA,"$915,666",915666
Brandon Pili,MIA,"$915,000",915000
Ryan Hayes,MIA,"$915,000",915000
Chasen Hines,MIA,"$915,000",915000
Ethan Bonner,MIA,"$915,000",915000
Braylon Sanders,MIA,"$915,000",915000
Cameron Goode,MIA,"$915,000",915000
Zeke Vandenburgh,MIA,"$795,666",795666
Mathew Sexton,MIA,"$795,000",795000
